seriename,date,value
AUT,1.6.2000,-0.03547
AUT,1.9.2000,-0.03612
AUT,1.12.2000,-0.03738
AUT,1.3.2001,-0.03888
AUT,1.6.2001,-0.0401
AUT,1.9.2001,-0.04049
AUT,1.12.2001,-0.03945
AUT,1.3.2002,-0.03654
AUT,1.6.2002,-0.03162
AUT,1.9.2002,-0.02466
AUT,1.12.2002,-0.01566
AUT,1.3.2003,-0.00488
AUT,1.6.2003,0.0073
AUT,1.9.2003,0.02049
AUT,1.12.2003,0.03407
AUT,1.3.2004,0.04739
AUT,1.6.2004,0.06001
AUT,1.9.2004,0.07145
AUT,1.12.2004,0.08119
AUT,1.3.2005,0.08872
AUT,1.6.2005,0.09315
AUT,1.9.2005,0.09347
AUT,1.12.2005,0.08914
AUT,1.3.2006,0.07995
AUT,1.6.2006,0.06583
AUT,1.9.2006,0.04708
AUT,1.12.2006,0.02427
AUT,1.3.2007,-0.00149
AUT,1.6.2007,-0.02795
AUT,1.9.2007,-0.05238
AUT,1.12.2007,-0.07256
AUT,1.3.2008,-0.08692
AUT,1.6.2008,-0.09447
AUT,1.9.2008,-0.09482
AUT,1.12.2008,-0.08785
AUT,1.3.2009,-0.0743
AUT,1.6.2009,-0.05646
AUT,1.9.2009,-0.03728
AUT,1.12.2009,-0.01933
AUT,1.3.2010,-0.00432
AUT,1.6.2010,0.00693
AUT,1.9.2010,0.01412
AUT,1.12.2010,0.01698
AUT,1.3.2011,0.01579
AUT,1.6.2011,0.01189
AUT,1.9.2011,0.00717
AUT,1.12.2011,0.00325
AUT,1.3.2012,0.00095
AUT,1.6.2012,0.00011
AUT,1.9.2012,0.00029
AUT,1.12.2012,0.00124
AUT,1.3.2013,0.0027
AUT,1.6.2013,0.00422
AUT,1.9.2013,0.00512
AUT,1.12.2013,0.00486
AUT,1.3.2014,0.00343
AUT,1.6.2014,0.00151
AUT,1.9.2014,-0.00011
AUT,1.12.2014,-0.00079
AUT,1.3.2015,-0.00021
AUT,1.6.2015,0.00164
AUT,1.9.2015,0.00464
AUT,1.12.2015,0.0086
AUT,1.3.2016,0.01304
AUT,1.6.2016,0.0173
AUT,1.9.2016,0.02066
AUT,1.12.2016,0.02252
BEL,1.9.1985,0.04028
BEL,1.12.1985,0.03783
BEL,1.3.1986,0.03305
BEL,1.6.1986,0.02681
BEL,1.9.1986,0.02012
BEL,1.12.1986,0.0139
BEL,1.3.1987,0.00908
BEL,1.6.1987,0.00618
BEL,1.9.1987,0.00512
BEL,1.12.1987,0.0058
BEL,1.3.1988,0.00783
BEL,1.6.1988,0.01011
BEL,1.9.1988,0.01156
BEL,1.12.1988,0.01129
BEL,1.3.1989,0.00855
BEL,1.6.1989,0.00323
BEL,1.9.1989,-0.00432
BEL,1.12.1989,-0.0137
BEL,1.3.1990,-0.02411
BEL,1.6.1990,-0.03415
BEL,1.9.1990,-0.04254
BEL,1.12.1990,-0.04823
BEL,1.3.1991,-0.0504
BEL,1.6.1991,-0.04898
BEL,1.9.1991,-0.0443
BEL,1.12.1991,-0.03681
BEL,1.3.1992,-0.02738
BEL,1.6.1992,-0.01734
BEL,1.9.1992,-0.00795
BEL,1.12.1992,-0.00038
BEL,1.3.1993,0.00446
BEL,1.6.1993,0.00636
BEL,1.9.1993,0.00545
BEL,1.12.1993,0.00203
BEL,1.3.1994,-0.00317
BEL,1.6.1994,-0.0091
BEL,1.9.1994,-0.01464
BEL,1.12.1994,-0.01857
BEL,1.3.1995,-0.01987
BEL,1.6.1995,-0.01807
BEL,1.9.1995,-0.01306
BEL,1.12.1995,-0.00495
BEL,1.3.1996,0.0057
BEL,1.6.1996,0.01801
BEL,1.9.1996,0.03089
BEL,1.12.1996,0.04292
BEL,1.3.1997,0.05285
BEL,1.6.1997,0.05986
BEL,1.9.1997,0.06331
BEL,1.12.1997,0.06287
BEL,1.3.1998,0.05867
BEL,1.6.1998,0.0511
BEL,1.9.1998,0.04094
BEL,1.12.1998,0.02933
BEL,1.3.1999,0.01723
BEL,1.6.1999,0.00521
BEL,1.9.1999,-0.00618
BEL,1.12.1999,-0.01656
BEL,1.3.2000,-0.02577
BEL,1.6.2000,-0.03377
BEL,1.9.2000,-0.04083
BEL,1.12.2000,-0.04738
BEL,1.3.2001,-0.05343
BEL,1.6.2001,-0.05851
BEL,1.9.2001,-0.06209
BEL,1.12.2001,-0.06365
BEL,1.3.2002,-0.06276
BEL,1.6.2002,-0.05916
BEL,1.9.2002,-0.05248
BEL,1.12.2002,-0.04244
BEL,1.3.2003,-0.02933
BEL,1.6.2003,-0.01395
BEL,1.9.2003,0.00264
BEL,1.12.2003,0.01938
BEL,1.3.2004,0.03542
BEL,1.6.2004,0.05013
BEL,1.9.2004,0.06282
BEL,1.12.2004,0.07284
BEL,1.3.2005,0.0797
BEL,1.6.2005,0.08308
BEL,1.9.2005,0.08284
BEL,1.12.2005,0.07891
BEL,1.3.2006,0.07128
BEL,1.6.2006,0.05994
BEL,1.9.2006,0.0451
BEL,1.12.2006,0.02725
BEL,1.3.2007,0.00733
BEL,1.6.2007,-0.01317
BEL,1.9.2007,-0.03253
BEL,1.12.2007,-0.0492
BEL,1.3.2008,-0.06198
BEL,1.6.2008,-0.07001
BEL,1.9.2008,-0.07281
BEL,1.12.2008,-0.07019
BEL,1.3.2009,-0.06272
BEL,1.6.2009,-0.05187
BEL,1.9.2009,-0.03959
BEL,1.12.2009,-0.02768
BEL,1.3.2010,-0.01733
BEL,1.6.2010,-0.00914
BEL,1.9.2010,-0.00345
BEL,1.12.2010,-0.00043
BEL,1.3.2011,0.00015
BEL,1.6.2011,-0.0008
BEL,1.9.2011,-0.00192
BEL,1.12.2011,-0.00204
BEL,1.3.2012,-0.00061
BEL,1.6.2012,0.00226
BEL,1.9.2012,0.00629
BEL,1.12.2012,0.01119
BEL,1.3.2013,0.01662
BEL,1.6.2013,0.02197
BEL,1.9.2013,0.02635
BEL,1.12.2013,0.02896
BEL,1.3.2014,0.02946
BEL,1.6.2014,0.02794
BEL,1.9.2014,0.02471
BEL,1.12.2014,0.02009
BEL,1.3.2015,0.01434
BEL,1.6.2015,0.00783
BEL,1.9.2015,0.00115
BEL,1.12.2015,-0.00513
BEL,1.3.2016,-0.01058
BEL,1.6.2016,-0.01492
BEL,1.9.2016,-0.01795
BEL,1.12.2016,-0.01954
DEU,1.6.1970,-0.00752
DEU,1.9.1970,-0.00484
DEU,1.12.1970,-0.00016
DEU,1.3.1971,0.00552
DEU,1.6.1971,0.01111
DEU,1.9.1971,0.01558
DEU,1.12.1971,0.01809
DEU,1.3.1972,0.018
DEU,1.6.1972,0.01501
DEU,1.9.1972,0.00944
DEU,1.12.1972,0.00217
DEU,1.3.1973,-0.00566
DEU,1.6.1973,-0.01291
DEU,1.9.1973,-0.01861
DEU,1.12.1973,-0.02216
DEU,1.3.1974,-0.02322
DEU,1.6.1974,-0.02175
DEU,1.9.1974,-0.01819
DEU,1.12.1974,-0.0132
DEU,1.3.1975,-0.00758
DEU,1.6.1975,-0.00208
DEU,1.9.1975,0.00278
DEU,1.12.1975,0.00669
DEU,1.3.1976,0.0095
DEU,1.6.1976,0.0113
DEU,1.9.1976,0.01234
DEU,1.12.1976,0.01291
DEU,1.3.1977,0.01319
DEU,1.6.1977,0.01326
DEU,1.9.1977,0.01299
DEU,1.12.1977,0.01228
DEU,1.3.1978,0.01107
DEU,1.6.1978,0.00922
DEU,1.9.1978,0.0066
DEU,1.12.1978,0.00312
DEU,1.3.1979,-0.00114
DEU,1.6.1979,-0.00591
DEU,1.9.1979,-0.01073
DEU,1.12.1979,-0.0152
DEU,1.3.1980,-0.01908
DEU,1.6.1980,-0.02212
DEU,1.9.1980,-0.02414
DEU,1.12.1980,-0.02496
DEU,1.3.1981,-0.02446
DEU,1.6.1981,-0.02272
DEU,1.9.1981,-0.02009
DEU,1.12.1981,-0.0169
DEU,1.3.1982,-0.01335
DEU,1.6.1982,-0.00953
DEU,1.9.1982,-0.00538
DEU,1.12.1982,-0.00087
DEU,1.3.1983,0.00395
DEU,1.6.1983,0.00915
DEU,1.9.1983,0.01496
DEU,1.12.1983,0.02156
DEU,1.3.1984,0.02888
DEU,1.6.1984,0.0364
DEU,1.9.1984,0.04313
DEU,1.12.1984,0.04809
DEU,1.3.1985,0.05048
DEU,1.6.1985,0.04956
DEU,1.9.1985,0.04476
DEU,1.12.1985,0.03574
DEU,1.3.1986,0.02266
DEU,1.6.1986,0.00665
DEU,1.9.1986,-0.01035
DEU,1.12.1986,-0.02634
DEU,1.3.1987,-0.03953
DEU,1.6.1987,-0.04846
DEU,1.9.1987,-0.05215
DEU,1.12.1987,-0.04999
DEU,1.3.1988,-0.04198
DEU,1.6.1988,-0.02936
DEU,1.9.1988,-0.01427
DEU,1.12.1988,0.00103
DEU,1.3.1989,0.01445
DEU,1.6.1989,0.02442
DEU,1.9.1989,0.02996
DEU,1.12.1989,0.03041
DEU,1.3.1990,0.02565
DEU,1.6.1990,0.01667
DEU,1.9.1990,0.00517
DEU,1.12.1990,-0.00702
DEU,1.3.1991,-0.01814
DEU,1.6.1991,-0.0269
DEU,1.9.1991,-0.03257
DEU,1.12.1991,-0.03461
DEU,1.3.1992,-0.03294
DEU,1.6.1992,-0.02828
DEU,1.9.1992,-0.02174
DEU,1.12.1992,-0.01459
DEU,1.3.1993,-0.00812
DEU,1.6.1993,-0.00321
DEU,1.9.1993,-0.00025
DEU,1.12.1993,0.00052
DEU,1.3.1994,-0.00075
DEU,1.6.1994,-0.00335
DEU,1.9.1994,-0.00643
DEU,1.12.1994,-0.00896
DEU,1.3.1995,-0.00993
DEU,1.6.1995,-0.00881
DEU,1.9.1995,-0.00549
DEU,1.12.1995,-6e-05
DEU,1.3.1996,0.00706
DEU,1.6.1996,0.01513
DEU,1.9.1996,0.02344
DEU,1.12.1996,0.03109
DEU,1.3.1997,0.0373
DEU,1.6.1997,0.04181
DEU,1.9.1997,0.04467
DEU,1.12.1997,0.04605
DEU,1.3.1998,0.04627
DEU,1.6.1998,0.04558
DEU,1.9.1998,0.04408
DEU,1.12.1998,0.04194
DEU,1.3.1999,0.0391
DEU,1.6.1999,0.03502
DEU,1.9.1999,0.0291
DEU,1.12.1999,0.02087
DEU,1.3.2000,0.01005
DEU,1.6.2000,-0.00312
DEU,1.9.2000,-0.01809
DEU,1.12.2000,-0.0342
DEU,1.3.2001,-0.0503
DEU,1.6.2001,-0.06484
DEU,1.9.2001,-0.07627
DEU,1.12.2001,-0.08336
DEU,1.3.2002,-0.08544
DEU,1.6.2002,-0.08249
DEU,1.9.2002,-0.0748
DEU,1.12.2002,-0.06292
DEU,1.3.2003,-0.04784
DEU,1.6.2003,-0.03097
DEU,1.9.2003,-0.01378
DEU,1.12.2003,0.00255
DEU,1.3.2004,0.01733
DEU,1.6.2004,0.03036
DEU,1.9.2004,0.04152
DEU,1.12.2004,0.05065
DEU,1.3.2005,0.05767
DEU,1.6.2005,0.06251
DEU,1.9.2005,0.06506
DEU,1.12.2005,0.06517
DEU,1.3.2006,0.06246
DEU,1.6.2006,0.05644
DEU,1.9.2006,0.04687
DEU,1.12.2006,0.03391
DEU,1.3.2007,0.01823
DEU,1.6.2007,0.00109
DEU,1.9.2007,-0.01592
DEU,1.12.2007,-0.03125
DEU,1.3.2008,-0.04356
DEU,1.6.2008,-0.05171
DEU,1.9.2008,-0.05499
DEU,1.12.2008,-0.05314
DEU,1.3.2009,-0.04664
DEU,1.6.2009,-0.03684
DEU,1.9.2009,-0.02563
DEU,1.12.2009,-0.01473
DEU,1.3.2010,-0.00538
DEU,1.6.2010,0.0017
DEU,1.9.2010,0.00614
DEU,1.12.2010,0.0078
DEU,1.3.2011,0.007
DEU,1.6.2011,0.0047
DEU,1.9.2011,0.0023
DEU,1.12.2011,0.00101
DEU,1.3.2012,0.00132
DEU,1.6.2012,0.00315
DEU,1.9.2012,0.00618
DEU,1.12.2012,0.01002
DEU,1.3.2013,0.01424
DEU,1.6.2013,0.01823
DEU,1.9.2013,0.02106
DEU,1.12.2013,0.02199
DEU,1.3.2014,0.02088
DEU,1.6.2014,0.01806
DEU,1.9.2014,0.01403
DEU,1.12.2014,0.00929
DEU,1.3.2015,0.00419
DEU,1.6.2015,-0.00094
DEU,1.9.2015,-0.00556
DEU,1.12.2015,-0.00928
DEU,1.3.2016,-0.01205
DEU,1.6.2016,-0.01396
DEU,1.9.2016,-0.01519
DEU,1.12.2016,-0.01584
DNK,1.12.1983,0.00956
DNK,1.3.1984,0.01178
DNK,1.6.1984,0.01564
DNK,1.9.1984,0.02004
DNK,1.12.1984,0.0238
DNK,1.3.1985,0.02593
DNK,1.6.1985,0.02552
DNK,1.9.1985,0.02202
DNK,1.12.1985,0.0155
DNK,1.3.1986,0.00667
DNK,1.6.1986,-0.00318
DNK,1.9.1986,-0.01242
DNK,1.12.1986,-0.01961
DNK,1.3.1987,-0.02378
DNK,1.6.1987,-0.02425
DNK,1.9.1987,-0.02079
DNK,1.12.1987,-0.01376
DNK,1.3.1988,-0.00408
DNK,1.6.1988,0.00673
DNK,1.9.1988,0.01686
DNK,1.12.1988,0.0248
DNK,1.3.1989,0.02949
DNK,1.6.1989,0.0303
DNK,1.9.1989,0.02698
DNK,1.12.1989,0.01968
DNK,1.3.1990,0.00895
DNK,1.6.1990,-0.00404
DNK,1.9.1990,-0.01775
DNK,1.12.1990,-0.03078
DNK,1.3.1991,-0.04196
DNK,1.6.1991,-0.05037
DNK,1.9.1991,-0.0554
DNK,1.12.1991,-0.05666
DNK,1.3.1992,-0.05414
DNK,1.6.1992,-0.04841
DNK,1.9.1992,-0.04054
DNK,1.12.1992,-0.03161
DNK,1.3.1993,-0.02267
DNK,1.6.1993,-0.01458
DNK,1.9.1993,-0.00792
DNK,1.12.1993,-0.00308
DNK,1.3.1994,-8e-05
DNK,1.6.1994,0.00164
DNK,1.9.1994,0.00307
DNK,1.12.1994,0.00514
DNK,1.3.1995,0.00856
DNK,1.6.1995,0.01361
DNK,1.9.1995,0.02015
DNK,1.12.1995,0.02781
DNK,1.3.1996,0.03589
DNK,1.6.1996,0.04325
DNK,1.9.1996,0.04861
DNK,1.12.1996,0.05088
DNK,1.3.1997,0.04958
DNK,1.6.1997,0.04502
DNK,1.9.1997,0.03798
DNK,1.12.1997,0.02943
DNK,1.3.1998,0.02053
DNK,1.6.1998,0.0125
DNK,1.9.1998,0.00638
DNK,1.12.1998,0.00291
DNK,1.3.1999,0.00199
DNK,1.6.1999,0.0026
DNK,1.9.1999,0.00342
DNK,1.12.1999,0.00314
DNK,1.3.2000,0.0006
DNK,1.6.2000,-0.00492
DNK,1.9.2000,-0.01379
DNK,1.12.2000,-0.0259
DNK,1.3.2001,-0.04026
DNK,1.6.2001,-0.05504
DNK,1.9.2001,-0.06826
DNK,1.12.2001,-0.07808
DNK,1.3.2002,-0.0831
DNK,1.6.2002,-0.08254
DNK,1.9.2002,-0.07604
DNK,1.12.2002,-0.06368
DNK,1.3.2003,-0.04631
DNK,1.6.2003,-0.02534
DNK,1.9.2003,-0.00236
DNK,1.12.2003,0.02103
DNK,1.3.2004,0.04349
DNK,1.6.2004,0.06409
DNK,1.9.2004,0.08198
DNK,1.12.2004,0.09641
DNK,1.3.2005,0.10684
DNK,1.6.2005,0.11269
DNK,1.9.2005,0.1134
DNK,1.12.2005,0.10869
DNK,1.3.2006,0.09842
DNK,1.6.2006,0.08257
DNK,1.9.2006,0.06157
DNK,1.12.2006,0.03625
DNK,1.3.2007,0.00792
DNK,1.6.2007,-0.0212
DNK,1.9.2007,-0.04848
DNK,1.12.2007,-0.07166
DNK,1.3.2008,-0.08893
DNK,1.6.2008,-0.09906
DNK,1.9.2008,-0.10155
DNK,1.12.2008,-0.09647
DNK,1.3.2009,-0.0847
DNK,1.6.2009,-0.06843
DNK,1.9.2009,-0.05049
DNK,1.12.2009,-0.03342
DNK,1.3.2010,-0.01908
DNK,1.6.2010,-0.00855
DNK,1.9.2010,-0.00225
DNK,1.12.2010,-0.0002
DNK,1.3.2011,-0.00184
DNK,1.6.2011,-0.00566
DNK,1.9.2011,-0.00961
DNK,1.12.2011,-0.01189
DNK,1.3.2012,-0.0114
DNK,1.6.2012,-0.00786
DNK,1.9.2012,-0.00147
DNK,1.12.2012,0.00734
DNK,1.3.2013,0.01794
DNK,1.6.2013,0.02918
DNK,1.9.2013,0.03951
DNK,1.12.2013,0.04745
DNK,1.3.2014,0.05205
DNK,1.6.2014,0.0529
DNK,1.9.2014,0.04996
DNK,1.12.2014,0.04337
DNK,1.3.2015,0.03347
DNK,1.6.2015,0.02097
DNK,1.9.2015,0.00702
DNK,1.12.2015,-0.00705
DNK,1.3.2016,-0.02005
DNK,1.6.2016,-0.03092
DNK,1.9.2016,-0.03879
DNK,1.12.2016,-0.04296
ESP,1.6.1985,0.01545
ESP,1.9.1985,0.01911
ESP,1.12.1985,0.02564
ESP,1.3.1986,0.03377
ESP,1.6.1986,0.04216
ESP,1.9.1986,0.04955
ESP,1.12.1986,0.05479
ESP,1.3.1987,0.05684
ESP,1.6.1987,0.05511
ESP,1.9.1987,0.04972
ESP,1.12.1987,0.04136
ESP,1.3.1988,0.03109
ESP,1.6.1988,0.01987
ESP,1.9.1988,0.00848
ESP,1.12.1988,-0.00244
ESP,1.3.1989,-0.01235
ESP,1.6.1989,-0.02087
ESP,1.9.1989,-0.02803
ESP,1.12.1989,-0.03411
ESP,1.3.1990,-0.0395
ESP,1.6.1990,-0.04431
ESP,1.9.1990,-0.04844
ESP,1.12.1990,-0.05166
ESP,1.3.1991,-0.05375
ESP,1.6.1991,-0.05452
ESP,1.9.1991,-0.05382
ESP,1.12.1991,-0.05145
ESP,1.3.1992,-0.04739
ESP,1.6.1992,-0.04203
ESP,1.9.1992,-0.03607
ESP,1.12.1992,-0.03031
ESP,1.3.1993,-0.02553
ESP,1.6.1993,-0.02226
ESP,1.9.1993,-0.02071
ESP,1.12.1993,-0.02094
ESP,1.3.1994,-0.02268
ESP,1.6.1994,-0.02522
ESP,1.9.1994,-0.0275
ESP,1.12.1994,-0.02837
ESP,1.3.1995,-0.02676
ESP,1.6.1995,-0.02207
ESP,1.9.1995,-0.01419
ESP,1.12.1995,-0.00334
ESP,1.3.1996,0.00991
ESP,1.6.1996,0.02457
ESP,1.9.1996,0.03941
ESP,1.12.1996,0.053
ESP,1.3.1997,0.06405
ESP,1.6.1997,0.07177
ESP,1.9.1997,0.07577
ESP,1.12.1997,0.07596
ESP,1.3.1998,0.07254
ESP,1.6.1998,0.06588
ESP,1.9.1998,0.05657
ESP,1.12.1998,0.04542
ESP,1.3.1999,0.03309
ESP,1.6.1999,0.01999
ESP,1.9.1999,0.00646
ESP,1.12.1999,-0.0072
ESP,1.3.2000,-0.02066
ESP,1.6.2000,-0.03343
ESP,1.9.2000,-0.04511
ESP,1.12.2000,-0.05535
ESP,1.3.2001,-0.06359
ESP,1.6.2001,-0.06919
ESP,1.9.2001,-0.07162
ESP,1.12.2001,-0.07055
ESP,1.3.2002,-0.06602
ESP,1.6.2002,-0.05841
ESP,1.9.2002,-0.04816
ESP,1.12.2002,-0.0358
ESP,1.3.2003,-0.02207
ESP,1.6.2003,-0.00772
ESP,1.9.2003,0.00655
ESP,1.12.2003,0.02019
ESP,1.3.2004,0.03303
ESP,1.6.2004,0.04507
ESP,1.9.2004,0.0563
ESP,1.12.2004,0.06662
ESP,1.3.2005,0.0757
ESP,1.6.2005,0.08294
ESP,1.9.2005,0.08762
ESP,1.12.2005,0.08907
ESP,1.3.2006,0.0866
ESP,1.6.2006,0.07966
ESP,1.9.2006,0.06801
ESP,1.12.2006,0.05184
ESP,1.3.2007,0.03212
ESP,1.6.2007,0.01061
ESP,1.9.2007,-0.01055
ESP,1.12.2007,-0.02937
ESP,1.3.2008,-0.04433
ESP,1.6.2008,-0.05439
ESP,1.9.2008,-0.05903
ESP,1.12.2008,-0.05827
ESP,1.3.2009,-0.05306
ESP,1.6.2009,-0.04528
ESP,1.9.2009,-0.0373
ESP,1.12.2009,-0.03128
ESP,1.3.2010,-0.02854
ESP,1.6.2010,-0.02952
ESP,1.9.2010,-0.03406
ESP,1.12.2010,-0.04148
ESP,1.3.2011,-0.05046
ESP,1.6.2011,-0.05911
ESP,1.9.2011,-0.06523
ESP,1.12.2011,-0.0668
ESP,1.3.2012,-0.06281
ESP,1.6.2012,-0.05334
ESP,1.9.2012,-0.03914
ESP,1.12.2012,-0.02153
ESP,1.3.2013,-0.0022
ESP,1.6.2013,0.01709
ESP,1.9.2013,0.03441
ESP,1.12.2013,0.0479
ESP,1.3.2014,0.0565
ESP,1.6.2014,0.05993
ESP,1.9.2014,0.0586
ESP,1.12.2014,0.05346
ESP,1.3.2015,0.04562
ESP,1.6.2015,0.03609
ESP,1.9.2015,0.02595
ESP,1.12.2015,0.01627
ESP,1.3.2016,0.0079
ESP,1.6.2016,0.00143
ESP,1.9.2016,-0.00287
ESP,1.12.2016,-0.00499
FIN,1.12.1971,0.11676
FIN,1.3.1972,0.11514
FIN,1.6.1972,0.11162
FIN,1.9.1972,0.10586
FIN,1.12.1972,0.09737
FIN,1.3.1973,0.08565
FIN,1.6.1973,0.07062
FIN,1.9.1973,0.05267
FIN,1.12.1973,0.03241
FIN,1.3.1974,0.01075
FIN,1.6.1974,-0.01118
FIN,1.9.1974,-0.03225
FIN,1.12.1974,-0.05135
FIN,1.3.1975,-0.06757
FIN,1.6.1975,-0.08042
FIN,1.9.1975,-0.08978
FIN,1.12.1975,-0.09568
FIN,1.3.1976,-0.09822
FIN,1.6.1976,-0.09759
FIN,1.9.1976,-0.09404
FIN,1.12.1976,-0.08792
FIN,1.3.1977,-0.07956
FIN,1.6.1977,-0.06928
FIN,1.9.1977,-0.05752
FIN,1.12.1977,-0.04489
FIN,1.3.1978,-0.03229
FIN,1.6.1978,-0.02076
FIN,1.9.1978,-0.01122
FIN,1.12.1978,-0.00435
FIN,1.3.1979,-0.00066
FIN,1.6.1979,-0.00024
FIN,1.9.1979,-0.00269
FIN,1.12.1979,-0.00718
FIN,1.3.1980,-0.01239
FIN,1.6.1980,-0.01671
FIN,1.9.1980,-0.01881
FIN,1.12.1980,-0.01759
FIN,1.3.1981,-0.01232
FIN,1.6.1981,-0.00298
FIN,1.9.1981,0.00979
FIN,1.12.1981,0.02471
FIN,1.3.1982,0.0399
FIN,1.6.1982,0.05327
FIN,1.9.1982,0.06301
FIN,1.12.1982,0.06764
FIN,1.3.1983,0.06618
FIN,1.6.1983,0.05849
FIN,1.9.1983,0.04527
FIN,1.12.1983,0.02807
FIN,1.3.1984,0.00915
FIN,1.6.1984,-0.00905
FIN,1.9.1984,-0.02428
FIN,1.12.1984,-0.03458
FIN,1.3.1985,-0.03846
FIN,1.6.1985,-0.03516
FIN,1.9.1985,-0.02466
FIN,1.12.1985,-0.00792
FIN,1.3.1986,0.01328
FIN,1.6.1986,0.0369
FIN,1.9.1986,0.06093
FIN,1.12.1986,0.08332
FIN,1.3.1987,0.10217
FIN,1.6.1987,0.11577
FIN,1.9.1987,0.12269
FIN,1.12.1987,0.12225
FIN,1.3.1988,0.1145
FIN,1.6.1988,0.09973
FIN,1.9.1988,0.07848
FIN,1.12.1988,0.05164
FIN,1.3.1989,0.02035
FIN,1.6.1989,-0.01372
FIN,1.9.1989,-0.0484
FIN,1.12.1989,-0.08169
FIN,1.3.1990,-0.11183
FIN,1.6.1990,-0.13699
FIN,1.9.1990,-0.15545
FIN,1.12.1990,-0.16582
FIN,1.3.1991,-0.16702
FIN,1.6.1991,-0.1589
FIN,1.9.1991,-0.14238
FIN,1.12.1991,-0.11885
FIN,1.3.1992,-0.09009
FIN,1.6.1992,-0.05861
FIN,1.9.1992,-0.02719
FIN,1.12.1992,0.00135
FIN,1.3.1993,0.02429
FIN,1.6.1993,0.03982
FIN,1.9.1993,0.04736
FIN,1.12.1993,0.04701
FIN,1.3.1994,0.03968
FIN,1.6.1994,0.02727
FIN,1.9.1994,0.01219
FIN,1.12.1994,-0.0029
FIN,1.3.1995,-0.01537
FIN,1.6.1995,-0.02338
FIN,1.9.1995,-0.02611
FIN,1.12.1995,-0.02327
FIN,1.3.1996,-0.01515
FIN,1.6.1996,-0.00271
FIN,1.9.1996,0.01281
FIN,1.12.1996,0.02999
FIN,1.3.1997,0.04746
FIN,1.6.1997,0.06436
FIN,1.9.1997,0.08023
FIN,1.12.1997,0.09459
FIN,1.3.1998,0.10691
FIN,1.6.1998,0.11652
FIN,1.9.1998,0.12249
FIN,1.12.1998,0.1239
FIN,1.3.1999,0.11978
FIN,1.6.1999,0.10917
FIN,1.9.1999,0.09158
FIN,1.12.1999,0.06721
FIN,1.3.2000,0.03703
FIN,1.6.2000,0.00285
FIN,1.9.2000,-0.03283
FIN,1.12.2000,-0.06727
FIN,1.3.2001,-0.09754
FIN,1.6.2001,-0.12109
FIN,1.9.2001,-0.13617
FIN,1.12.2001,-0.14198
FIN,1.3.2002,-0.13874
FIN,1.6.2002,-0.12763
FIN,1.9.2002,-0.11034
FIN,1.12.2002,-0.08893
FIN,1.3.2003,-0.06567
FIN,1.6.2003,-0.04253
FIN,1.9.2003,-0.02093
FIN,1.12.2003,-0.0017
FIN,1.3.2004,0.015
FIN,1.6.2004,0.02953
FIN,1.9.2004,0.04222
FIN,1.12.2004,0.05333
FIN,1.3.2005,0.06301
FIN,1.6.2005,0.07101
FIN,1.9.2005,0.07676
FIN,1.12.2005,0.07956
FIN,1.3.2006,0.07853
FIN,1.6.2006,0.07281
FIN,1.9.2006,0.06205
FIN,1.12.2006,0.04652
FIN,1.3.2007,0.02715
FIN,1.6.2007,0.00573
FIN,1.9.2007,-0.01551
FIN,1.12.2007,-0.03449
FIN,1.3.2008,-0.04936
FIN,1.6.2008,-0.05858
FIN,1.9.2008,-0.06136
FIN,1.12.2008,-0.05771
FIN,1.3.2009,-0.04856
FIN,1.6.2009,-0.03591
FIN,1.9.2009,-0.0223
FIN,1.12.2009,-0.00994
FIN,1.3.2010,-0.00047
FIN,1.6.2010,0.00507
FIN,1.9.2010,0.00633
FIN,1.12.2010,0.00357
FIN,1.3.2011,-0.00226
FIN,1.6.2011,-0.00939
FIN,1.9.2011,-0.01575
FIN,1.12.2011,-0.01965
FIN,1.3.2012,-0.02019
FIN,1.6.2012,-0.01724
FIN,1.9.2012,-0.01112
FIN,1.12.2012,-0.00259
FIN,1.3.2013,0.00733
FIN,1.6.2013,0.0173
FIN,1.9.2013,0.02577
FIN,1.12.2013,0.03154
FIN,1.3.2014,0.03414
FIN,1.6.2014,0.03362
FIN,1.9.2014,0.03036
FIN,1.12.2014,0.02496
FIN,1.3.2015,0.01804
FIN,1.6.2015,0.01033
FIN,1.9.2015,0.00272
FIN,1.12.2015,-0.00407
FIN,1.3.2016,-0.00971
FIN,1.6.2016,-0.01403
FIN,1.9.2016,-0.01698
FIN,1.12.2016,-0.01853
FRA,1.6.1970,-0.01781
FRA,1.9.1970,-0.01328
FRA,1.12.1970,-0.00526
FRA,1.3.1971,0.00479
FRA,1.6.1971,0.01543
FRA,1.9.1971,0.02531
FRA,1.12.1971,0.03312
FRA,1.3.1972,0.03749
FRA,1.6.1972,0.03737
FRA,1.9.1972,0.03257
FRA,1.12.1972,0.02398
FRA,1.3.1973,0.01304
FRA,1.6.1973,0.00124
FRA,1.9.1973,-0.01018
FRA,1.12.1973,-0.02017
FRA,1.3.1974,-0.02778
FRA,1.6.1974,-0.03229
FRA,1.9.1974,-0.03361
FRA,1.12.1974,-0.03243
FRA,1.3.1975,-0.02983
FRA,1.6.1975,-0.02685
FRA,1.9.1975,-0.02414
FRA,1.12.1975,-0.02186
FRA,1.3.1976,-0.01991
FRA,1.6.1976,-0.01807
FRA,1.9.1976,-0.01581
FRA,1.12.1976,-0.01242
FRA,1.3.1977,-0.00719
FRA,1.6.1977,0.00038
FRA,1.9.1977,0.01019
FRA,1.12.1977,0.02138
FRA,1.3.1978,0.03274
FRA,1.6.1978,0.04296
FRA,1.9.1978,0.05063
FRA,1.12.1978,0.05455
FRA,1.3.1979,0.0538
FRA,1.6.1979,0.04778
FRA,1.9.1979,0.03655
FRA,1.12.1979,0.02114
FRA,1.3.1980,0.00306
FRA,1.6.1980,-0.01591
FRA,1.9.1980,-0.03392
FRA,1.12.1980,-0.04934
FRA,1.3.1981,-0.06074
FRA,1.6.1981,-0.06692
FRA,1.9.1981,-0.06736
FRA,1.12.1981,-0.06247
FRA,1.3.1982,-0.05331
FRA,1.6.1982,-0.04122
FRA,1.9.1982,-0.02764
FRA,1.12.1982,-0.01386
FRA,1.3.1983,-0.00111
FRA,1.6.1983,0.00946
FRA,1.9.1983,0.01724
FRA,1.12.1983,0.02232
FRA,1.3.1984,0.02529
FRA,1.6.1984,0.02676
FRA,1.9.1984,0.02711
FRA,1.12.1984,0.02661
FRA,1.3.1985,0.02553
FRA,1.6.1985,0.02416
FRA,1.9.1985,0.02258
FRA,1.12.1985,0.02055
FRA,1.3.1986,0.01773
FRA,1.6.1986,0.01423
FRA,1.9.1986,0.01066
FRA,1.12.1986,0.00778
FRA,1.3.1987,0.00617
FRA,1.6.1987,0.00615
FRA,1.9.1987,0.00784
FRA,1.12.1987,0.01134
FRA,1.3.1988,0.01654
FRA,1.6.1988,0.0226
FRA,1.9.1988,0.02818
FRA,1.12.1988,0.03194
FRA,1.3.1989,0.03288
FRA,1.6.1989,0.03061
FRA,1.9.1989,0.02524
FRA,1.12.1989,0.01704
FRA,1.3.1990,0.00663
FRA,1.6.1990,-0.00479
FRA,1.9.1990,-0.01571
FRA,1.12.1990,-0.02474
FRA,1.3.1991,-0.03087
FRA,1.6.1991,-0.03381
FRA,1.9.1991,-0.03381
FRA,1.12.1991,-0.0313
FRA,1.3.1992,-0.02702
FRA,1.6.1992,-0.02205
FRA,1.9.1992,-0.01757
FRA,1.12.1992,-0.01457
FRA,1.3.1993,-0.01377
FRA,1.6.1993,-0.01527
FRA,1.9.1993,-0.01869
FRA,1.12.1993,-0.02349
FRA,1.3.1994,-0.02891
FRA,1.6.1994,-0.03393
FRA,1.9.1994,-0.03759
FRA,1.12.1994,-0.0391
FRA,1.3.1995,-0.03788
FRA,1.6.1995,-0.03393
FRA,1.9.1995,-0.02766
FRA,1.12.1995,-0.01951
FRA,1.3.1996,-0.01015
FRA,1.6.1996,-0.00036
FRA,1.9.1996,0.00921
FRA,1.12.1996,0.01796
FRA,1.3.1997,0.02552
FRA,1.6.1997,0.03206
FRA,1.9.1997,0.03787
FRA,1.12.1997,0.04317
FRA,1.3.1998,0.04815
FRA,1.6.1998,0.05278
FRA,1.9.1998,0.05679
FRA,1.12.1998,0.05992
FRA,1.3.1999,0.06153
FRA,1.6.1999,0.06061
FRA,1.9.1999,0.05632
FRA,1.12.1999,0.04811
FRA,1.3.2000,0.03581
FRA,1.6.2000,0.0199
FRA,1.9.2000,0.00123
FRA,1.12.2000,-0.01913
FRA,1.3.2001,-0.03956
FRA,1.6.2001,-0.05813
FRA,1.9.2001,-0.07311
FRA,1.12.2001,-0.08306
FRA,1.3.2002,-0.08715
FRA,1.6.2002,-0.08529
FRA,1.9.2002,-0.07774
FRA,1.12.2002,-0.06515
FRA,1.3.2003,-0.04873
FRA,1.6.2003,-0.02993
FRA,1.9.2003,-0.01022
FRA,1.12.2003,0.00904
FRA,1.3.2004,0.02687
FRA,1.6.2004,0.04271
FRA,1.9.2004,0.05608
FRA,1.12.2004,0.06664
FRA,1.3.2005,0.07424
FRA,1.6.2005,0.07858
FRA,1.9.2005,0.07935
FRA,1.12.2005,0.07635
FRA,1.3.2006,0.06942
FRA,1.6.2006,0.05851
FRA,1.9.2006,0.04384
FRA,1.12.2006,0.02589
FRA,1.3.2007,0.00553
FRA,1.6.2007,-0.01561
FRA,1.9.2007,-0.03556
FRA,1.12.2007,-0.0525
FRA,1.3.2008,-0.06501
FRA,1.6.2008,-0.07217
FRA,1.9.2008,-0.07356
FRA,1.12.2008,-0.06913
FRA,1.3.2009,-0.05949
FRA,1.6.2009,-0.04625
FRA,1.9.2009,-0.03161
FRA,1.12.2009,-0.01771
FRA,1.3.2010,-0.00605
FRA,1.6.2010,0.0026
FRA,1.9.2010,0.00789
FRA,1.12.2010,0.00977
FRA,1.3.2011,0.00858
FRA,1.6.2011,0.00533
FRA,1.9.2011,0.00158
FRA,1.12.2011,-0.00117
FRA,1.3.2012,-0.00207
FRA,1.6.2012,-0.00104
FRA,1.9.2012,0.00167
FRA,1.12.2012,0.00563
FRA,1.3.2013,0.01037
FRA,1.6.2013,0.01531
FRA,1.9.2013,0.01951
FRA,1.12.2013,0.02206
FRA,1.3.2014,0.02258
FRA,1.6.2014,0.02115
FRA,1.9.2014,0.01819
FRA,1.12.2014,0.01427
FRA,1.3.2015,0.00982
FRA,1.6.2015,0.00513
FRA,1.9.2015,0.00067
FRA,1.12.2015,-0.00318
FRA,1.3.2016,-0.00621
FRA,1.6.2016,-0.00832
FRA,1.9.2016,-0.00959
FRA,1.12.2016,-0.0102
IRL,1.9.1971,0.10055
IRL,1.12.1971,0.09344
IRL,1.3.1972,0.08006
IRL,1.6.1972,0.06164
IRL,1.9.1972,0.03936
IRL,1.12.1972,0.01449
IRL,1.3.1973,-0.01133
IRL,1.6.1973,-0.03602
IRL,1.9.1973,-0.05752
IRL,1.12.1973,-0.07458
IRL,1.3.1974,-0.08658
IRL,1.6.1974,-0.09323
IRL,1.9.1974,-0.09442
IRL,1.12.1974,-0.09016
IRL,1.3.1975,-0.08087
IRL,1.6.1975,-0.06762
IRL,1.9.1975,-0.05156
IRL,1.12.1975,-0.03346
IRL,1.3.1976,-0.01389
IRL,1.6.1976,0.0065
IRL,1.9.1976,0.02688
IRL,1.12.1976,0.04616
IRL,1.3.1977,0.06319
IRL,1.6.1977,0.07715
IRL,1.9.1977,0.08732
IRL,1.12.1977,0.09285
IRL,1.3.1978,0.09321
IRL,1.6.1978,0.08828
IRL,1.9.1978,0.07833
IRL,1.12.1978,0.06421
IRL,1.3.1979,0.04709
IRL,1.6.1979,0.02811
IRL,1.9.1979,0.00845
IRL,1.12.1979,-0.01058
IRL,1.3.1980,-0.02797
IRL,1.6.1980,-0.04296
IRL,1.9.1980,-0.05495
IRL,1.12.1980,-0.06365
IRL,1.3.1981,-0.06898
IRL,1.6.1981,-0.07086
IRL,1.9.1981,-0.0694
IRL,1.12.1981,-0.065
IRL,1.3.1982,-0.05818
IRL,1.6.1982,-0.04955
IRL,1.9.1982,-0.03987
IRL,1.12.1982,-0.02996
IRL,1.3.1983,-0.02054
IRL,1.6.1983,-0.01221
IRL,1.9.1983,-0.00531
IRL,1.12.1983,0.00024
IRL,1.3.1984,0.00481
IRL,1.6.1984,0.00882
IRL,1.9.1984,0.01274
IRL,1.12.1984,0.01713
IRL,1.3.1985,0.02233
IRL,1.6.1985,0.02837
IRL,1.9.1985,0.03494
IRL,1.12.1985,0.04127
IRL,1.3.1986,0.04646
IRL,1.6.1986,0.04997
IRL,1.9.1986,0.05161
IRL,1.12.1986,0.05118
IRL,1.3.1987,0.04862
IRL,1.6.1987,0.04416
IRL,1.9.1987,0.03836
IRL,1.12.1987,0.03207
IRL,1.3.1988,0.02616
IRL,1.6.1988,0.02083
IRL,1.9.1988,0.01572
IRL,1.12.1988,0.01051
IRL,1.3.1989,0.005
IRL,1.6.1989,-0.00094
IRL,1.9.1989,-0.00745
IRL,1.12.1989,-0.01475
IRL,1.3.1990,-0.02297
IRL,1.6.1990,-0.03162
IRL,1.9.1990,-0.03972
IRL,1.12.1990,-0.0463
IRL,1.3.1991,-0.05069
IRL,1.6.1991,-0.0525
IRL,1.9.1991,-0.05166
IRL,1.12.1991,-0.04832
IRL,1.3.1992,-0.04282
IRL,1.6.1992,-0.03587
IRL,1.9.1992,-0.02856
IRL,1.12.1992,-0.02193
IRL,1.3.1993,-0.01678
IRL,1.6.1993,-0.01371
IRL,1.9.1993,-0.01291
IRL,1.12.1993,-0.01411
IRL,1.3.1994,-0.01673
IRL,1.6.1994,-0.01992
IRL,1.9.1994,-0.02259
IRL,1.12.1994,-0.02374
IRL,1.3.1995,-0.02265
IRL,1.6.1995,-0.01867
IRL,1.9.1995,-0.01144
IRL,1.12.1995,-0.0012
IRL,1.3.1996,0.01139
IRL,1.6.1996,0.02531
IRL,1.9.1996,0.03924
IRL,1.12.1996,0.05192
IRL,1.3.1997,0.06248
IRL,1.6.1997,0.07014
IRL,1.9.1997,0.07421
IRL,1.12.1997,0.07443
IRL,1.3.1998,0.071
IRL,1.6.1998,0.06439
IRL,1.9.1998,0.05554
IRL,1.12.1998,0.04536
IRL,1.3.1999,0.0343
IRL,1.6.1999,0.02259
IRL,1.9.1999,0.01055
IRL,1.12.1999,-0.00163
IRL,1.3.2000,-0.01383
IRL,1.6.2000,-0.02588
IRL,1.9.2000,-0.03789
IRL,1.12.2000,-0.04988
IRL,1.3.2001,-0.06125
IRL,1.6.2001,-0.07103
IRL,1.9.2001,-0.07824
IRL,1.12.2001,-0.082
IRL,1.3.2002,-0.08177
IRL,1.6.2002,-0.07735
IRL,1.9.2002,-0.06858
IRL,1.12.2002,-0.05542
IRL,1.3.2003,-0.03839
IRL,1.6.2003,-0.01843
IRL,1.9.2003,0.00336
IRL,1.12.2003,0.0259
IRL,1.3.2004,0.04827
IRL,1.6.2004,0.06983
IRL,1.9.2004,0.08984
IRL,1.12.2004,0.10734
IRL,1.3.2005,0.12132
IRL,1.6.2005,0.13068
IRL,1.9.2005,0.13432
IRL,1.12.2005,0.13138
IRL,1.3.2006,0.12135
IRL,1.6.2006,0.10394
IRL,1.9.2006,0.0794
IRL,1.12.2006,0.04872
IRL,1.3.2007,0.01375
IRL,1.6.2007,-0.02277
IRL,1.9.2007,-0.0576
IRL,1.12.2007,-0.08789
IRL,1.3.2008,-0.11156
IRL,1.6.2008,-0.12719
IRL,1.9.2008,-0.13401
IRL,1.12.2008,-0.13209
IRL,1.3.2009,-0.12251
IRL,1.6.2009,-0.10758
IRL,1.9.2009,-0.09037
IRL,1.12.2009,-0.07358
IRL,1.3.2010,-0.05889
IRL,1.6.2010,-0.04722
IRL,1.9.2010,-0.03907
IRL,1.12.2010,-0.03448
IRL,1.3.2011,-0.03295
IRL,1.6.2011,-0.03312
IRL,1.9.2011,-0.03285
IRL,1.12.2011,-0.03031
IRL,1.3.2012,-0.02466
IRL,1.6.2012,-0.01572
IRL,1.9.2012,-0.00363
IRL,1.12.2012,0.0112
IRL,1.3.2013,0.02822
IRL,1.6.2013,0.04634
IRL,1.9.2013,0.06356
IRL,1.12.2013,0.07789
IRL,1.3.2014,0.08796
IRL,1.6.2014,0.09277
IRL,1.9.2014,0.09173
IRL,1.12.2014,0.08467
IRL,1.3.2015,0.0716
IRL,1.6.2015,0.05327
IRL,1.9.2015,0.03151
IRL,1.12.2015,0.0085
IRL,1.3.2016,-0.01361
IRL,1.6.2016,-0.03256
IRL,1.9.2016,-0.04649
IRL,1.12.2016,-0.05397
ITA,1.6.1970,-0.05073
ITA,1.9.1970,-0.04663
ITA,1.12.1970,-0.03854
ITA,1.3.1971,-0.02691
ITA,1.6.1971,-0.0123
ITA,1.9.1971,0.00462
ITA,1.12.1971,0.02277
ITA,1.3.1972,0.04068
ITA,1.6.1972,0.05687
ITA,1.9.1972,0.06978
ITA,1.12.1972,0.078
ITA,1.3.1973,0.0807
ITA,1.6.1973,0.07749
ITA,1.9.1973,0.06832
ITA,1.12.1973,0.05383
ITA,1.3.1974,0.03534
ITA,1.6.1974,0.01438
ITA,1.9.1974,-0.00731
ITA,1.12.1974,-0.02796
ITA,1.3.1975,-0.04637
ITA,1.6.1975,-0.06173
ITA,1.9.1975,-0.07339
ITA,1.12.1975,-0.08122
ITA,1.3.1976,-0.08553
ITA,1.6.1976,-0.08669
ITA,1.9.1976,-0.0853
ITA,1.12.1976,-0.082
ITA,1.3.1977,-0.0769
ITA,1.6.1977,-0.06988
ITA,1.9.1977,-0.06074
ITA,1.12.1977,-0.0491
ITA,1.3.1978,-0.03467
ITA,1.6.1978,-0.01747
ITA,1.9.1978,0.00241
ITA,1.12.1978,0.02458
ITA,1.3.1979,0.04794
ITA,1.6.1979,0.07091
ITA,1.9.1979,0.09149
ITA,1.12.1979,0.10749
ITA,1.3.1980,0.11719
ITA,1.6.1980,0.11936
ITA,1.9.1980,0.11321
ITA,1.12.1980,0.09859
ITA,1.3.1981,0.07629
ITA,1.6.1981,0.04796
ITA,1.9.1981,0.01612
ITA,1.12.1981,-0.01627
ITA,1.3.1982,-0.0465
ITA,1.6.1982,-0.07219
ITA,1.9.1982,-0.09127
ITA,1.12.1982,-0.10222
ITA,1.3.1983,-0.10417
ITA,1.6.1983,-0.09719
ITA,1.9.1983,-0.08224
ITA,1.12.1983,-0.06094
ITA,1.3.1984,-0.03526
ITA,1.6.1984,-0.00744
ITA,1.9.1984,0.02008
ITA,1.12.1984,0.04478
ITA,1.3.1985,0.06436
ITA,1.6.1985,0.07712
ITA,1.9.1985,0.08211
ITA,1.12.1985,0.07904
ITA,1.3.1986,0.06853
ITA,1.6.1986,0.05209
ITA,1.9.1986,0.03193
ITA,1.12.1986,0.01078
ITA,1.3.1987,-0.00859
ITA,1.6.1987,-0.024
ITA,1.9.1987,-0.03386
ITA,1.12.1987,-0.03715
ITA,1.3.1988,-0.03396
ITA,1.6.1988,-0.02545
ITA,1.9.1988,-0.01351
ITA,1.12.1988,-0.00068
ITA,1.3.1989,0.01062
ITA,1.6.1989,0.01874
ITA,1.9.1989,0.02259
ITA,1.12.1989,0.02153
ITA,1.3.1990,0.01582
ITA,1.6.1990,0.00656
ITA,1.9.1990,-0.00465
ITA,1.12.1990,-0.01567
ITA,1.3.1991,-0.02454
ITA,1.6.1991,-0.03019
ITA,1.9.1991,-0.03212
ITA,1.12.1991,-0.03016
ITA,1.3.1992,-0.02483
ITA,1.6.1992,-0.01713
ITA,1.9.1992,-0.00841
ITA,1.12.1992,-0.00049
ITA,1.3.1993,0.00495
ITA,1.6.1993,0.00701
ITA,1.9.1993,0.00539
ITA,1.12.1993,0.00016
ITA,1.3.1994,-0.00803
ITA,1.6.1994,-0.01808
ITA,1.9.1994,-0.02864
ITA,1.12.1994,-0.0379
ITA,1.3.1995,-0.04411
ITA,1.6.1995,-0.04625
ITA,1.9.1995,-0.04382
ITA,1.12.1995,-0.03672
ITA,1.3.1996,-0.02551
ITA,1.6.1996,-0.01119
ITA,1.9.1996,0.00495
ITA,1.12.1996,0.02122
ITA,1.3.1997,0.03605
ITA,1.6.1997,0.04846
ITA,1.9.1997,0.05774
ITA,1.12.1997,0.06342
ITA,1.3.1998,0.06555
ITA,1.6.1998,0.06446
ITA,1.9.1998,0.06065
ITA,1.12.1998,0.05489
ITA,1.3.1999,0.04768
ITA,1.6.1999,0.03905
ITA,1.9.1999,0.02913
ITA,1.12.1999,0.01812
ITA,1.3.2000,0.00615
ITA,1.6.2000,-0.00654
ITA,1.9.2000,-0.01965
ITA,1.12.2000,-0.03292
ITA,1.3.2001,-0.04556
ITA,1.6.2001,-0.05638
ITA,1.9.2001,-0.06437
ITA,1.12.2001,-0.06885
ITA,1.3.2002,-0.0694
ITA,1.6.2002,-0.06602
ITA,1.9.2002,-0.05883
ITA,1.12.2002,-0.04811
ITA,1.3.2003,-0.03465
ITA,1.6.2003,-0.01958
ITA,1.9.2003,-0.00397
ITA,1.12.2003,0.01127
ITA,1.3.2004,0.02555
ITA,1.6.2004,0.03858
ITA,1.9.2004,0.05005
ITA,1.12.2004,0.05958
ITA,1.3.2005,0.0669
ITA,1.6.2005,0.07171
ITA,1.9.2005,0.07359
ITA,1.12.2005,0.07226
ITA,1.3.2006,0.06742
ITA,1.6.2006,0.05877
ITA,1.9.2006,0.04633
ITA,1.12.2006,0.03047
ITA,1.3.2007,0.01206
ITA,1.6.2007,-0.00734
ITA,1.9.2007,-0.02586
ITA,1.12.2007,-0.04182
ITA,1.3.2008,-0.05395
ITA,1.6.2008,-0.06139
ITA,1.9.2008,-0.06363
ITA,1.12.2008,-0.06065
ITA,1.3.2009,-0.05313
ITA,1.6.2009,-0.0427
ITA,1.9.2009,-0.03155
ITA,1.12.2009,-0.02165
ITA,1.3.2010,-0.0142
ITA,1.6.2010,-0.00972
ITA,1.9.2010,-0.00829
ITA,1.12.2010,-0.0097
ITA,1.3.2011,-0.01326
ITA,1.6.2011,-0.01772
ITA,1.9.2011,-0.0213
ITA,1.12.2011,-0.02237
ITA,1.3.2012,-0.02013
ITA,1.6.2012,-0.01466
ITA,1.9.2012,-0.00651
ITA,1.12.2012,0.00343
ITA,1.3.2013,0.01425
ITA,1.6.2013,0.02495
ITA,1.9.2013,0.03423
ITA,1.12.2013,0.04075
ITA,1.3.2014,0.04372
ITA,1.6.2014,0.04299
ITA,1.9.2014,0.03896
ITA,1.12.2014,0.03246
ITA,1.3.2015,0.02426
ITA,1.6.2015,0.01492
ITA,1.9.2015,0.00515
ITA,1.12.2015,-0.00425
ITA,1.3.2016,-0.01247
ITA,1.6.2016,-0.01883
ITA,1.9.2016,-0.02299
ITA,1.12.2016,-0.02502
NLD,1.6.1970,-0.04031
NLD,1.9.1970,-0.03629
NLD,1.12.1970,-0.02897
NLD,1.3.1971,-0.01923
NLD,1.6.1971,-0.00822
NLD,1.9.1971,0.0027
NLD,1.12.1971,0.01237
NLD,1.3.1972,0.01961
NLD,1.6.1972,0.02334
NLD,1.9.1972,0.02316
NLD,1.12.1972,0.01931
NLD,1.3.1973,0.01237
NLD,1.6.1973,0.00349
NLD,1.9.1973,-0.00598
NLD,1.12.1973,-0.01478
NLD,1.3.1974,-0.02158
NLD,1.6.1974,-0.02519
NLD,1.9.1974,-0.02501
NLD,1.12.1974,-0.02084
NLD,1.3.1975,-0.01294
NLD,1.6.1975,-0.0022
NLD,1.9.1975,0.01027
NLD,1.12.1975,0.02326
NLD,1.3.1976,0.03547
NLD,1.6.1976,0.0458
NLD,1.9.1976,0.05346
NLD,1.12.1976,0.05779
NLD,1.3.1977,0.05851
NLD,1.6.1977,0.05573
NLD,1.9.1977,0.04982
NLD,1.12.1977,0.04136
NLD,1.3.1978,0.031
NLD,1.6.1978,0.01927
NLD,1.9.1978,0.0067
NLD,1.12.1978,-0.00613
NLD,1.3.1979,-0.01873
NLD,1.6.1979,-0.03075
NLD,1.9.1979,-0.04189
NLD,1.12.1979,-0.05188
NLD,1.3.1980,-0.06035
NLD,1.6.1980,-0.06679
NLD,1.9.1980,-0.07075
NLD,1.12.1980,-0.07188
NLD,1.3.1981,-0.06992
NLD,1.6.1981,-0.0647
NLD,1.9.1981,-0.0562
NLD,1.12.1981,-0.04477
NLD,1.3.1982,-0.03116
NLD,1.6.1982,-0.0163
NLD,1.9.1982,-0.0012
NLD,1.12.1982,0.01319
NLD,1.3.1983,0.02595
NLD,1.6.1983,0.03633
NLD,1.9.1983,0.04374
NLD,1.12.1983,0.04811
NLD,1.3.1984,0.04978
NLD,1.6.1984,0.04916
NLD,1.9.1984,0.04668
NLD,1.12.1984,0.04277
NLD,1.3.1985,0.03787
NLD,1.6.1985,0.03241
NLD,1.9.1985,0.02684
NLD,1.12.1985,0.02128
NLD,1.3.1986,0.01569
NLD,1.6.1986,0.01034
NLD,1.9.1986,0.00563
NLD,1.12.1986,0.00191
NLD,1.3.1987,-0.00048
NLD,1.6.1987,-0.00147
NLD,1.9.1987,-0.00122
NLD,1.12.1987,0.00022
NLD,1.3.1988,0.00264
NLD,1.6.1988,0.00532
NLD,1.9.1988,0.00743
NLD,1.12.1988,0.00819
NLD,1.3.1989,0.00698
NLD,1.6.1989,0.00367
NLD,1.9.1989,-0.0015
NLD,1.12.1989,-0.0083
NLD,1.3.1990,-0.0162
NLD,1.6.1990,-0.02417
NLD,1.9.1990,-0.03117
NLD,1.12.1990,-0.03629
NLD,1.3.1991,-0.03886
NLD,1.6.1991,-0.03876
NLD,1.9.1991,-0.03626
NLD,1.12.1991,-0.0317
NLD,1.3.1992,-0.02574
NLD,1.6.1992,-0.01938
NLD,1.9.1992,-0.01363
NLD,1.12.1992,-0.00936
NLD,1.3.1993,-0.00715
NLD,1.6.1993,-0.00706
NLD,1.9.1993,-0.00876
NLD,1.12.1993,-0.01176
NLD,1.3.1994,-0.01529
NLD,1.6.1994,-0.01831
NLD,1.9.1994,-0.01984
NLD,1.12.1994,-0.01904
NLD,1.3.1995,-0.01538
NLD,1.6.1995,-0.00894
NLD,1.9.1995,-0.00022
NLD,1.12.1995,0.01006
NLD,1.3.1996,0.02092
NLD,1.6.1996,0.03126
NLD,1.9.1996,0.04015
NLD,1.12.1996,0.04676
NLD,1.3.1997,0.0507
NLD,1.6.1997,0.05222
NLD,1.9.1997,0.05186
NLD,1.12.1997,0.05029
NLD,1.3.1998,0.04828
NLD,1.6.1998,0.0464
NLD,1.9.1998,0.04498
NLD,1.12.1998,0.04416
NLD,1.3.1999,0.04355
NLD,1.6.1999,0.04213
NLD,1.9.1999,0.03889
NLD,1.12.1999,0.03295
NLD,1.3.2000,0.02368
NLD,1.6.2000,0.011
NLD,1.9.2000,-0.0048
NLD,1.12.2000,-0.02315
NLD,1.3.2001,-0.04272
NLD,1.6.2001,-0.06165
NLD,1.9.2001,-0.07811
NLD,1.12.2001,-0.09049
NLD,1.3.2002,-0.0977
NLD,1.6.2002,-0.09933
NLD,1.9.2002,-0.09527
NLD,1.12.2002,-0.0857
NLD,1.3.2003,-0.07154
NLD,1.6.2003,-0.05409
NLD,1.9.2003,-0.03472
NLD,1.12.2003,-0.01485
NLD,1.3.2004,0.00456
NLD,1.6.2004,0.02294
NLD,1.9.2004,0.03971
NLD,1.12.2004,0.05437
NLD,1.3.2005,0.06657
NLD,1.6.2005,0.07578
NLD,1.9.2005,0.08149
NLD,1.12.2005,0.08335
NLD,1.3.2006,0.08097
NLD,1.6.2006,0.07397
NLD,1.9.2006,0.06235
NLD,1.12.2006,0.04638
NLD,1.3.2007,0.02687
NLD,1.6.2007,0.00559
NLD,1.9.2007,-0.01531
NLD,1.12.2007,-0.03389
NLD,1.3.2008,-0.04844
NLD,1.6.2008,-0.05776
NLD,1.9.2008,-0.06113
NLD,1.12.2008,-0.05824
NLD,1.3.2009,-0.04961
NLD,1.6.2009,-0.03703
NLD,1.9.2009,-0.02293
NLD,1.12.2009,-0.00965
NLD,1.3.2010,0.0011
NLD,1.6.2010,0.00829
NLD,1.9.2010,0.01139
NLD,1.12.2010,0.01014
NLD,1.3.2011,0.00495
NLD,1.6.2011,-0.00288
NLD,1.9.2011,-0.01134
NLD,1.12.2011,-0.01854
NLD,1.3.2012,-0.02329
NLD,1.6.2012,-0.02511
NLD,1.9.2012,-0.0239
NLD,1.12.2012,-0.01976
NLD,1.3.2013,-0.01303
NLD,1.6.2013,-0.00453
NLD,1.9.2013,0.00438
NLD,1.12.2013,0.01234
NLD,1.3.2014,0.01857
NLD,1.6.2014,0.02278
NLD,1.9.2014,0.02488
NLD,1.12.2014,0.02494
NLD,1.3.2015,0.02304
NLD,1.6.2015,0.01951
NLD,1.9.2015,0.01509
NLD,1.12.2015,0.01052
NLD,1.3.2016,0.00628
NLD,1.6.2016,0.00273
NLD,1.9.2016,0.0001
NLD,1.12.2016,-0.00135
PRT,1.6.1988,-0.01884
PRT,1.9.1988,-0.01691
PRT,1.12.1988,-0.01321
PRT,1.3.1989,-0.00851
PRT,1.6.1989,-0.00387
PRT,1.9.1989,-0.00043
PRT,1.12.1989,0.00077
PRT,1.3.1990,-0.00064
PRT,1.6.1990,-0.00417
PRT,1.9.1990,-0.00906
PRT,1.12.1990,-0.01445
PRT,1.3.1991,-0.0193
PRT,1.6.1991,-0.02262
PRT,1.9.1991,-0.02347
PRT,1.12.1991,-0.02108
PRT,1.3.1992,-0.0155
PRT,1.6.1992,-0.0077
PRT,1.9.1992,0.00098
PRT,1.12.1992,0.00913
PRT,1.3.1993,0.01545
PRT,1.6.1993,0.01898
PRT,1.9.1993,0.01899
PRT,1.12.1993,0.01512
PRT,1.3.1994,0.00785
PRT,1.6.1994,-0.00151
PRT,1.9.1994,-0.01117
PRT,1.12.1994,-0.01926
PRT,1.3.1995,-0.02422
PRT,1.6.1995,-0.02495
PRT,1.9.1995,-0.02084
PRT,1.12.1995,-0.01182
PRT,1.3.1996,0.00138
PRT,1.6.1996,0.01736
PRT,1.9.1996,0.03427
PRT,1.12.1996,0.05012
PRT,1.3.1997,0.0632
PRT,1.6.1997,0.07241
PRT,1.9.1997,0.07711
PRT,1.12.1997,0.07717
PRT,1.3.1998,0.07299
PRT,1.6.1998,0.06527
PRT,1.9.1998,0.05496
PRT,1.12.1998,0.04315
PRT,1.3.1999,0.03066
PRT,1.6.1999,0.01784
PRT,1.9.1999,0.00487
PRT,1.12.1999,-0.00827
PRT,1.3.2000,-0.02161
PRT,1.6.2000,-0.03496
PRT,1.9.2000,-0.04792
PRT,1.12.2000,-0.0601
PRT,1.3.2001,-0.07077
PRT,1.6.2001,-0.07895
PRT,1.9.2001,-0.08378
PRT,1.12.2001,-0.08455
PRT,1.3.2002,-0.08095
PRT,1.6.2002,-0.07322
PRT,1.9.2002,-0.06205
PRT,1.12.2002,-0.04835
PRT,1.3.2003,-0.03328
PRT,1.6.2003,-0.01804
PRT,1.9.2003,-0.00366
PRT,1.12.2003,0.00914
PRT,1.3.2004,0.02005
PRT,1.6.2004,0.02918
PRT,1.9.2004,0.03688
PRT,1.12.2004,0.04353
PRT,1.3.2005,0.0494
PRT,1.6.2005,0.05443
PRT,1.9.2005,0.05828
PRT,1.12.2005,0.06045
PRT,1.3.2006,0.06027
PRT,1.6.2006,0.05706
PRT,1.9.2006,0.05037
PRT,1.12.2006,0.04009
PRT,1.3.2007,0.02677
PRT,1.6.2007,0.01174
PRT,1.9.2007,-0.00333
PRT,1.12.2007,-0.01684
PRT,1.3.2008,-0.02736
PRT,1.6.2008,-0.03392
PRT,1.9.2008,-0.03611
PRT,1.12.2008,-0.03393
PRT,1.3.2009,-0.02826
PRT,1.6.2009,-0.02083
PRT,1.9.2009,-0.01357
PRT,1.12.2009,-0.00813
PRT,1.3.2010,-0.00561
PRT,1.6.2010,-0.00619
PRT,1.9.2010,-0.00952
PRT,1.12.2010,-0.01495
PRT,1.3.2011,-0.02131
PRT,1.6.2011,-0.02704
PRT,1.9.2011,-0.03062
PRT,1.12.2011,-0.03086
PRT,1.3.2012,-0.02735
PRT,1.6.2012,-0.02069
PRT,1.9.2012,-0.01201
PRT,1.12.2012,-0.00254
PRT,1.3.2013,0.00647
PRT,1.6.2013,0.01396
PRT,1.9.2013,0.01908
PRT,1.12.2013,0.02123
PRT,1.3.2014,0.0204
PRT,1.6.2014,0.01729
PRT,1.9.2014,0.01303
PRT,1.12.2014,0.00881
PRT,1.3.2015,0.00556
PRT,1.6.2015,0.00371
PRT,1.9.2015,0.00336
PRT,1.12.2015,0.00439
PRT,1.3.2016,0.00648
PRT,1.6.2016,0.0091
PRT,1.9.2016,0.0115
PRT,1.12.2016,0.01293
SWE,1.6.1970,-0.04071
SWE,1.9.1970,-0.03652
SWE,1.12.1970,-0.02878
SWE,1.3.1971,-0.0186
SWE,1.6.1971,-0.00737
SWE,1.9.1971,0.00353
SWE,1.12.1971,0.01285
SWE,1.3.1972,0.01964
SWE,1.6.1972,0.0234
SWE,1.9.1972,0.02418
SWE,1.12.1972,0.02252
SWE,1.3.1973,0.01938
SWE,1.6.1973,0.01586
SWE,1.9.1973,0.01292
SWE,1.12.1973,0.01126
SWE,1.3.1974,0.01117
SWE,1.6.1974,0.01252
SWE,1.9.1974,0.01488
SWE,1.12.1974,0.01757
SWE,1.3.1975,0.01972
SWE,1.6.1975,0.02051
SWE,1.9.1975,0.0194
SWE,1.12.1975,0.01614
SWE,1.3.1976,0.01096
SWE,1.6.1976,0.00456
SWE,1.9.1976,-0.00233
SWE,1.12.1976,-0.00897
SWE,1.3.1977,-0.01469
SWE,1.6.1977,-0.01911
SWE,1.9.1977,-0.02205
SWE,1.12.1977,-0.0235
SWE,1.3.1978,-0.02387
SWE,1.6.1978,-0.02384
SWE,1.9.1978,-0.02403
SWE,1.12.1978,-0.02495
SWE,1.3.1979,-0.02672
SWE,1.6.1979,-0.029
SWE,1.9.1979,-0.03126
SWE,1.12.1979,-0.03294
SWE,1.3.1980,-0.03337
SWE,1.6.1980,-0.03181
SWE,1.9.1980,-0.02769
SWE,1.12.1980,-0.02058
SWE,1.3.1981,-0.01061
SWE,1.6.1981,0.00136
SWE,1.9.1981,0.01405
SWE,1.12.1981,0.02602
SWE,1.3.1982,0.03584
SWE,1.6.1982,0.0423
SWE,1.9.1982,0.04445
SWE,1.12.1982,0.0416
SWE,1.3.1983,0.03368
SWE,1.6.1983,0.02153
SWE,1.9.1983,0.00672
SWE,1.12.1983,-0.00866
SWE,1.3.1984,-0.02247
SWE,1.6.1984,-0.03301
SWE,1.9.1984,-0.03908
SWE,1.12.1984,-0.03987
SWE,1.3.1985,-0.03519
SWE,1.6.1985,-0.02557
SWE,1.9.1985,-0.01224
SWE,1.12.1985,0.00299
SWE,1.3.1986,0.01816
SWE,1.6.1986,0.03188
SWE,1.9.1986,0.04336
SWE,1.12.1986,0.0522
SWE,1.3.1987,0.05843
SWE,1.6.1987,0.06223
SWE,1.9.1987,0.06387
SWE,1.12.1987,0.06397
SWE,1.3.1988,0.06312
SWE,1.6.1988,0.0613
SWE,1.9.1988,0.05809
SWE,1.12.1988,0.05281
SWE,1.3.1989,0.04468
SWE,1.6.1989,0.03333
SWE,1.9.1989,0.01892
SWE,1.12.1989,0.00168
SWE,1.3.1990,-0.0178
SWE,1.6.1990,-0.03823
SWE,1.9.1990,-0.05808
SWE,1.12.1990,-0.07563
SWE,1.3.1991,-0.08913
SWE,1.6.1991,-0.09743
SWE,1.9.1991,-0.10004
SWE,1.12.1991,-0.09682
SWE,1.3.1992,-0.08822
SWE,1.6.1992,-0.07543
SWE,1.9.1992,-0.06
SWE,1.12.1992,-0.04364
SWE,1.3.1993,-0.0282
SWE,1.6.1993,-0.01503
SWE,1.9.1993,-0.0049
SWE,1.12.1993,0.00174
SWE,1.3.1994,0.005
SWE,1.6.1994,0.00566
SWE,1.9.1994,0.00479
SWE,1.12.1994,0.0036
SWE,1.3.1995,0.00335
SWE,1.6.1995,0.00472
SWE,1.9.1995,0.00791
SWE,1.12.1995,0.01285
SWE,1.3.1996,0.01913
SWE,1.6.1996,0.02606
SWE,1.9.1996,0.03291
SWE,1.12.1996,0.03896
SWE,1.3.1997,0.04365
SWE,1.6.1997,0.047
SWE,1.9.1997,0.0494
SWE,1.12.1997,0.0513
SWE,1.3.1998,0.05315
SWE,1.6.1998,0.05513
SWE,1.9.1998,0.05703
SWE,1.12.1998,0.05845
SWE,1.3.1999,0.05869
SWE,1.6.1999,0.05666
SWE,1.9.1999,0.05127
SWE,1.12.1999,0.04171
SWE,1.3.2000,0.0276
SWE,1.6.2000,0.00926
SWE,1.9.2000,-0.01226
SWE,1.12.2000,-0.03543
SWE,1.3.2001,-0.05822
SWE,1.6.2001,-0.07844
SWE,1.9.2001,-0.09418
SWE,1.12.2001,-0.10396
SWE,1.3.2002,-0.1069
SWE,1.6.2002,-0.10289
SWE,1.9.2002,-0.09249
SWE,1.12.2002,-0.07684
SWE,1.3.2003,-0.05764
SWE,1.6.2003,-0.03662
SWE,1.9.2003,-0.01531
SWE,1.12.2003,0.00504
SWE,1.3.2004,0.02358
SWE,1.6.2004,0.03978
SWE,1.9.2004,0.05324
SWE,1.12.2004,0.06388
SWE,1.3.2005,0.07174
SWE,1.6.2005,0.07659
SWE,1.9.2005,0.07804
SWE,1.12.2005,0.07572
SWE,1.3.2006,0.06931
SWE,1.6.2006,0.05878
SWE,1.9.2006,0.04453
SWE,1.12.2006,0.02718
SWE,1.3.2007,0.00783
SWE,1.6.2007,-0.01167
SWE,1.9.2007,-0.02922
SWE,1.12.2007,-0.04297
SWE,1.3.2008,-0.05157
SWE,1.6.2008,-0.05441
SWE,1.9.2008,-0.05155
SWE,1.12.2008,-0.04354
SWE,1.3.2009,-0.03166
SWE,1.6.2009,-0.01816
SWE,1.9.2009,-0.00547
SWE,1.12.2009,0.00432
SWE,1.3.2010,0.00998
SWE,1.6.2010,0.01118
SWE,1.9.2010,0.00823
SWE,1.12.2010,0.00176
SWE,1.3.2011,-0.00698
SWE,1.6.2011,-0.01613
SWE,1.9.2011,-0.02365
SWE,1.12.2011,-0.02794
SWE,1.3.2012,-0.02825
SWE,1.6.2012,-0.02471
SWE,1.9.2012,-0.01788
SWE,1.12.2012,-0.00857
SWE,1.3.2013,0.00221
SWE,1.6.2013,0.01315
SWE,1.9.2013,0.02277
SWE,1.12.2013,0.02985
SWE,1.3.2014,0.03379
SWE,1.6.2014,0.03453
SWE,1.9.2014,0.03232
SWE,1.12.2014,0.02767
SWE,1.3.2015,0.02107
SWE,1.6.2015,0.01315
SWE,1.9.2015,0.0048
SWE,1.12.2015,-0.00319
SWE,1.3.2016,-0.01026
SWE,1.6.2016,-0.01588
SWE,1.9.2016,-0.01981
SWE,1.12.2016,-0.02187
GBR,1.6.1970,-0.01171
GBR,1.9.1970,-0.00242
GBR,1.12.1970,0.01431
GBR,1.3.1971,0.03549
GBR,1.6.1971,0.05742
GBR,1.9.1971,0.07615
GBR,1.12.1971,0.08827
GBR,1.3.1972,0.09104
GBR,1.6.1972,0.08286
GBR,1.9.1972,0.06404
GBR,1.12.1972,0.03659
GBR,1.3.1973,0.00366
GBR,1.6.1973,-0.03079
GBR,1.9.1973,-0.06283
GBR,1.12.1973,-0.08921
GBR,1.3.1974,-0.10719
GBR,1.6.1974,-0.11508
GBR,1.9.1974,-0.1129
GBR,1.12.1974,-0.10191
GBR,1.3.1975,-0.0843
GBR,1.6.1975,-0.06296
GBR,1.9.1975,-0.04053
GBR,1.12.1975,-0.01909
GBR,1.3.1976,-0.00054
GBR,1.6.1976,0.01395
GBR,1.9.1976,0.02425
GBR,1.12.1976,0.03081
GBR,1.3.1977,0.03444
GBR,1.6.1977,0.03621
GBR,1.9.1977,0.03678
GBR,1.12.1977,0.03638
GBR,1.3.1978,0.03536
GBR,1.6.1978,0.03379
GBR,1.9.1978,0.03124
GBR,1.12.1978,0.02733
GBR,1.3.1979,0.02175
GBR,1.6.1979,0.01436
GBR,1.9.1979,0.00557
GBR,1.12.1979,-0.00382
GBR,1.3.1980,-0.01316
GBR,1.6.1980,-0.02177
GBR,1.9.1980,-0.02874
GBR,1.12.1980,-0.03338
GBR,1.3.1981,-0.03516
GBR,1.6.1981,-0.03386
GBR,1.9.1981,-0.02985
GBR,1.12.1981,-0.02392
GBR,1.3.1982,-0.01679
GBR,1.6.1982,-0.00923
GBR,1.9.1982,-0.00204
GBR,1.12.1982,0.00408
GBR,1.3.1983,0.00851
GBR,1.6.1983,0.0109
GBR,1.9.1983,0.0114
GBR,1.12.1983,0.01061
GBR,1.3.1984,0.00915
GBR,1.6.1984,0.0075
GBR,1.9.1984,0.00609
GBR,1.12.1984,0.00532
GBR,1.3.1985,0.00559
GBR,1.6.1985,0.00718
GBR,1.9.1985,0.00997
GBR,1.12.1985,0.01345
GBR,1.3.1986,0.01711
GBR,1.6.1986,0.02072
GBR,1.9.1986,0.02428
GBR,1.12.1986,0.0277
GBR,1.3.1987,0.03074
GBR,1.6.1987,0.03309
GBR,1.9.1987,0.03459
GBR,1.12.1987,0.03536
GBR,1.3.1988,0.0355
GBR,1.6.1988,0.03467
GBR,1.9.1988,0.03234
GBR,1.12.1988,0.02813
GBR,1.3.1989,0.02196
GBR,1.6.1989,0.01412
GBR,1.9.1989,0.005
GBR,1.12.1989,-0.00514
GBR,1.3.1990,-0.01591
GBR,1.6.1990,-0.02648
GBR,1.9.1990,-0.03584
GBR,1.12.1990,-0.04315
GBR,1.3.1991,-0.0479
GBR,1.6.1991,-0.05002
GBR,1.9.1991,-0.04971
GBR,1.12.1991,-0.04715
GBR,1.3.1992,-0.04265
GBR,1.6.1992,-0.03694
GBR,1.9.1992,-0.03094
GBR,1.12.1992,-0.02542
GBR,1.3.1993,-0.02098
GBR,1.6.1993,-0.01778
GBR,1.9.1993,-0.01574
GBR,1.12.1993,-0.01483
GBR,1.3.1994,-0.01486
GBR,1.6.1994,-0.01534
GBR,1.9.1994,-0.01563
GBR,1.12.1994,-0.01513
GBR,1.3.1995,-0.01339
GBR,1.6.1995,-0.01029
GBR,1.9.1995,-0.00595
GBR,1.12.1995,-0.00038
GBR,1.3.1996,0.00622
GBR,1.6.1996,0.01344
GBR,1.9.1996,0.02077
GBR,1.12.1996,0.02761
GBR,1.3.1997,0.03351
GBR,1.6.1997,0.03834
GBR,1.9.1997,0.042
GBR,1.12.1997,0.04426
GBR,1.3.1998,0.04502
GBR,1.6.1998,0.04424
GBR,1.9.1998,0.04202
GBR,1.12.1998,0.03857
GBR,1.3.1999,0.03393
GBR,1.6.1999,0.02789
GBR,1.9.1999,0.02045
GBR,1.12.1999,0.0118
GBR,1.3.2000,0.0023
GBR,1.6.2000,-0.00755
GBR,1.9.2000,-0.01736
GBR,1.12.2000,-0.0268
GBR,1.3.2001,-0.0352
GBR,1.6.2001,-0.04175
GBR,1.9.2001,-0.04584
GBR,1.12.2001,-0.04711
GBR,1.3.2002,-0.0456
GBR,1.6.2002,-0.04164
GBR,1.9.2002,-0.03548
GBR,1.12.2002,-0.02741
GBR,1.3.2003,-0.01803
GBR,1.6.2003,-0.00805
GBR,1.9.2003,0.00188
GBR,1.12.2003,0.01126
GBR,1.3.2004,0.01996
GBR,1.6.2004,0.02801
GBR,1.9.2004,0.03535
GBR,1.12.2004,0.04181
GBR,1.3.2005,0.04716
GBR,1.6.2005,0.05108
GBR,1.9.2005,0.05315
GBR,1.12.2005,0.05295
GBR,1.3.2006,0.04998
GBR,1.6.2006,0.0438
GBR,1.9.2006,0.03426
GBR,1.12.2006,0.02159
GBR,1.3.2007,0.00649
GBR,1.6.2007,-0.00975
GBR,1.9.2007,-0.02559
GBR,1.12.2007,-0.03953
GBR,1.3.2008,-0.05031
GBR,1.6.2008,-0.05698
GBR,1.9.2008,-0.05901
GBR,1.12.2008,-0.0563
GBR,1.3.2009,-0.0494
GBR,1.6.2009,-0.03968
GBR,1.9.2009,-0.02883
GBR,1.12.2009,-0.01842
GBR,1.3.2010,-0.00961
GBR,1.6.2010,-0.00304
GBR,1.9.2010,0.00097
GBR,1.12.2010,0.00239
GBR,1.3.2011,0.00161
GBR,1.6.2011,-0.00044
GBR,1.9.2011,-0.00261
GBR,1.12.2011,-0.00396
GBR,1.3.2012,-0.00408
GBR,1.6.2012,-0.00305
GBR,1.9.2012,-0.00114
GBR,1.12.2012,0.00134
GBR,1.3.2013,0.00399
GBR,1.6.2013,0.00627
GBR,1.9.2013,0.00759
GBR,1.12.2013,0.00767
GBR,1.3.2014,0.00671
GBR,1.6.2014,0.00524
GBR,1.9.2014,0.00383
GBR,1.12.2014,0.00295
GBR,1.3.2015,0.00291
GBR,1.6.2015,0.0039
GBR,1.9.2015,0.0061
GBR,1.12.2015,0.00933
GBR,1.3.2016,0.01303
GBR,1.6.2016,0.01654
GBR,1.9.2016,0.01918
GBR,1.12.2016,0.02056
EA,1.12.1997,0.03236
EA,1.3.1998,0.03393
EA,1.6.1998,0.03661
EA,1.9.1998,0.03964
EA,1.12.1998,0.0422
EA,1.3.1999,0.0434
EA,1.6.1999,0.04228
EA,1.9.1999,0.03798
EA,1.12.1999,0.02997
EA,1.3.2000,0.01821
EA,1.6.2000,0.00325
EA,1.9.2000,-0.01399
EA,1.12.2000,-0.03239
EA,1.3.2001,-0.05048
EA,1.6.2001,-0.06662
EA,1.9.2001,-0.0793
EA,1.12.2001,-0.08727
EA,1.3.2002,-0.08986
EA,1.6.2002,-0.08705
EA,1.9.2002,-0.07915
EA,1.12.2002,-0.06678
EA,1.3.2003,-0.05099
EA,1.6.2003,-0.03307
EA,1.9.2003,-0.01432
EA,1.12.2003,0.00407
EA,1.3.2004,0.02134
EA,1.6.2004,0.03706
EA,1.9.2004,0.0509
EA,1.12.2004,0.06257
EA,1.3.2005,0.07185
EA,1.6.2005,0.0784
EA,1.9.2005,0.08183
EA,1.12.2005,0.08182
EA,1.3.2006,0.07803
EA,1.6.2006,0.07014
EA,1.9.2006,0.0581
EA,1.12.2006,0.04222
EA,1.3.2007,0.02331
EA,1.6.2007,0.00293
EA,1.9.2007,-0.01699
EA,1.12.2007,-0.03467
EA,1.3.2008,-0.04866
EA,1.6.2008,-0.05788
EA,1.9.2008,-0.06173
EA,1.12.2008,-0.06001
EA,1.3.2009,-0.05331
EA,1.6.2009,-0.04318
EA,1.9.2009,-0.03179
EA,1.12.2009,-0.02112
EA,1.3.2010,-0.01255
EA,1.6.2010,-0.00677
EA,1.9.2010,-0.00408
EA,1.12.2010,-0.00446
EA,1.3.2011,-0.0074
EA,1.6.2011,-0.01174
EA,1.9.2011,-0.01579
EA,1.12.2011,-0.01804
EA,1.3.2012,-0.01775
EA,1.6.2012,-0.01495
EA,1.9.2012,-0.01004
EA,1.12.2012,-0.00362
EA,1.3.2013,0.00367
EA,1.6.2013,0.01095
EA,1.9.2013,0.01707
EA,1.12.2013,0.02098
EA,1.3.2014,0.02234
EA,1.6.2014,0.02145
EA,1.9.2014,0.01892
EA,1.12.2014,0.0155
EA,1.3.2015,0.01175
EA,1.6.2015,0.00812
EA,1.9.2015,0.00523
EA,1.12.2015,0.00358
EA,1.3.2016,0.00325
EA,1.6.2016,0.00387
EA,1.9.2016,0.00488
EA,1.12.2016,0.00571
EA,1.3.2017,0.00613